id,is_active,logged_12_months
003500M7Q93CKG2je2,true,false
003500339Kgli7N5t9,true,false
003500oS7XRqSuGyQ2,true,true
0035003Xgg2dDhmjRB,true,false
003500Sr76b5k8V6n7,false,false
00350013N3k4H5ICng,true,false
003500RaRoz9F7h0E1,false,true
003500BGQMu6tBvkBO,false,true
0035005L9L6il5M069,false,false
0035008rcy57yumuP2,false,true
0035000L19GUIxvc3Y,true,false
0035003O1qhXg6R870,false,true
0035009iCQ14Zd8Ehu,true,true
003500N4AR9YgXz1bd,false,false
003500GOojWHIn4EOl,true,false
0035008aXB7XKrPmP8,false,true
003500gR8c9C6IMXj2,false,true
003500uK0PAjW9keUp,true,false
003500flk1N8d59J8O,true,true
0035005I6K3T3mFmtY,true,false
003500OvvjQA6saV20,false,false
00350098040043zVN8,false,false
003500F00np6ZIczKh,true,true
003500l3hW3o8G14uW,true,true
0035006Az5dq9S8h11,false,false
003500Y8z340Bu22bm,true,false
003500oNdm26460Oh6,false,false
003500ydrQ42clsNBt,true,true
00350077Tns52dd504,true,true
003500lVp9KJ4vFDvM,true,true
003500Q1THpJI1q4od,true,true
003500U5s4v0k5M6zQ,false,false
0035009vArDME34yjO,true,false
003500I2JVj0e32rc6,true,true
0035006hLm2gnw9qBc,false,false
0035006305els4r2Oa,false,true
003500uDsG2WCYNs3s,false,false
0035009y2VpvfwX5xX,false,false
003500Nl3uv4dHh9p9,false,true
003500R71ql360rQB1,false,true
00350040xG4s8O0d97,false,false
003500Dx5pB3939316,true,true
003500683z71wcV98h,false,true
003500L2opLW35xtPz,true,true
0035007Bo0aS32BJ45,true,false
003500fOugv88VcV16,true,true
0035008M0gEQ7tf84s,true,true
0035009S5V0F83IWEj,true,true
003500rT74o9UceN26,false,false
0035000TXz3w03I0LG,true,false
00350092JBia5iO8KP,true,true
003500TOi9xMNM5699,false,true
0035002LqcCzE3H31U,true,false
003500o7A9d4qPby31,false,true
003500fTITU7DGb30k,true,false
00350046v93XyUfh01,true,false
003500j0yhN2s03RWS,false,true
003500VDN5i3NkoGOW,true,false
003500scrhJs1HqjIE,false,false
003500h4JFxVwEiFD6,false,false
0035004a7wptJ4t96F,false,false
003500O0yRL1y9KvQD,false,true
0035001WqvubXH4X50,false,true
003500AsEpVJxOb9Qx,true,true
003500BDIa153NYoMD,true,true
003500Q51kh2LVX65V,true,false
0035004iivu1Gw2G33,true,false
00350003aY7Gxy6S7z,true,false
003500cm9UM26A9bU8,true,false
003500H6H2cdbS2fFZ,false,false
0035007kk5SX58ZKOz,false,true
003500Cj39nTG7BZ71,false,true
0035006fuL40B1Yyjb,true,false
003500uEoO3LAf359F,false,false
00350043o14C9clCly,false,false
003500FTtvKawXH41d,false,true
0035003rdPYx78xOcI,false,true
003500k0ao15ExTl4Y,false,true
003500lWD831KRT2qt,true,true
003500s2n63T7422Tl,false,false
0035000b1SfncoZGDd,true,true
003500QzsqP45hyRl2,false,true
003500NoX143wc0nZi,true,true
0035006m7mCVX2t9h7,true,true
0035005rpDObIEf7zh,false,false
003500BV5gQ6VBzYID,true,true
003500MJ8g855olhce,true,false
003500R2CFF8UZHKvG,true,true
0035004P3qHJ2ETHz6,false,false
0035003vwG00pU7KB6,true,true
003500689QgUW52WUQ,false,false
003500J2Zar50Y6xFU,false,false
003500w19O21j35cDi,true,false
003500V5GBRYFcVCF0,true,true
003500vc1qylNjU7qb,true,true
003500w93ohrIAHe0h,false,false
0035007Crh77lA618P,false,true
003500vwV8UWK8BXF6,false,true
0035007sh0XhWOc0uG,false,true
003500M2cE7oe9NFUZ,false,true
003500LsE3WgES1STt,true,false
003500rW0PlP1j33E3,true,false
003500D07gx51e0w49,true,false
003500T425ag5q836N,false,false
00350080ILlZGJ22zK,false,true
003500TQtpvoXQp1H3,false,false
003500IltcE351K71G,false,true
003500UVWe2t11d96D,true,false
003500Ld4VTzDIuJi0,false,true
00350038x1Q83nA5l6,true,false
003500Ww4dl3Xu35f4,true,false
003500oMXV4P569QRW,true,false
003500j7tuH99llaGq,true,true
003500I52Ck42S66hx,true,true
0035001O5jYk1YJw65,false,true
003500m4O17tFf15dh,false,false
003500Tmrdg1d8kEHS,true,true
003500LN5eoSW0mFKe,false,false
0035003Y7JEM54A8iT,true,true
003500N85rmM1UV7gZ,true,true
003500mbTQl0I7Ixw0,true,true
0035007Z1fSX6Dk4rQ,true,false
003500k4v23wk1Rk8x,false,true
00350029JrN3Uh23RO,true,true
0035006Bp2tK6QXd25,false,true
0035006UA878E03l1A,false,true
003500BSC86k8J7g01,true,false
003500Ad7GvPk53W3d,false,false
003500e47qH2X3BBcW,true,false
003500Xk03D69LZun2,true,true
003500yP5dn79m6urq,false,true
003500u3xBl6Uw4L7m,false,false
003500dxuF5cwjp07h,false,true
003500MC738MVUb81b,true,true
0035007zG2HV32Eh32,true,true
0035008IbR14se9TD9,true,true
003500Vw9xrDldby32,false,true
0035006DD2hq03LTUT,false,false
003500eslU3A7Fj7G3,true,false
00350084uo886DHrDb,true,true
003500a42212d5W826,false,true
0035004yKP4zzWisjH,true,true
003500L3KvJ13l7YIS,true,false
003500JbbH76Od1Tea,false,true
003500mMxW25G2R7QZ,true,false
0035002aAowk63QeJO,true,true
003500P9pODuN0jwtI,true,false
0035000tS8hz8AAlRg,true,false
003500MuNq358WbRs7,false,false
003500p6D3p0DWBa6O,true,true
003500rbHRuu2zrAR2,false,true
0035007d5ifYxgSYSh,false,true
003500tuUshz0KLxs9,false,false
0035006nK6uUMMk0Dg,true,false
003500KQcx1XK81UIW,false,false
003500N71o4owF86pt,false,true
0035008SZC9q6QjTdZ,false,false
003500v5o9O8C42L2q,true,false
0035006D3IuA7O0fsS,true,true
003500Z9Z4H9vD1m07,true,false
003500yYfKRIdkZAwK,false,true
003500q3th00hlURA0,false,false
0035006fDg6DFSm34e,false,false
003500ka7t61oU0n9B,true,true
003500Zs6s2zj1bo7k,true,false
003500Y0MEoDP7VLb9,true,false
003500EAt2wyw3IIgI,true,true
003500diigi29cu2vY,false,true
003500q9u08pt23wW0,true,false
0035007Ygt061hD3I4,true,true
003500vd2P39uD9A9F,true,true
0035001Biv15iSBQ77,false,false
0035007u37z527zb2B,false,false
003500WEyt13CtVgmT,true,false
0035002vJ4t6FuiEhl,true,true
0035004B752NfIz8xh,false,true
003500T07914RnCD1g,true,false
003500z929rT188Ihv,false,true
003500v941LL10YNMG,false,true
003500I6qGE48t5Fn2,false,true
003500856OnMVb4D0Y,true,true
003500t61dK52Zj1Zb,false,true
003500GQ2c0731aT97,true,true
003500log9I3624a0G,true,false
00350072n2l4n3qGn3,false,true
0035002AiPES5C5D76,false,true
0035006KUqtc29t6wY,true,true
003500MAf5FNFoUTtf,true,false
003500dg4X5NO3N7sU,false,false
003500lc4Tsyt8mqcm,true,false
003500vwnqy800Ml35,false,false
00350057vCb4sc4301,true,false
003500913ZDix7s5h3,true,false
003500A39T12EAwfje,false,true
003500OC3sNU3pyrrG,true,true
003500flQfOQxu3uFR,true,true
003500Un2g7d0CIV64,true,true
003500h5TGE5Q56Cl9,true,true
003500Y15Z1x0le33v,true,false
003500L7vJvQZSfiU2,false,false
003500uY9q3SmRn44F,false,false
003500P7ImOR6r5WDT,false,true
003500UYuJiK726qJ8,false,true
0035002460CKF72695,false,false
003500C822642I6m6w,true,true
003500UXAT931P60Lv,false,true
003500dqD85T7dGlFB,true,false
003500Q7t0aJLhkP17,true,true
003500RH41JjfM84YG,true,false
003500AW6l0t814Izh,false,true
003500P4JBAE7H0NuX,true,false
003500BEE1Ho6ME0PZ,true,true
0035004i5JgdLX89W7,true,true
003500h2F6bdOlI33z,true,true
003500V5ttgzfwq53W,false,false
003500w2C2Cp536aWt,true,false
003500oLKL95OQC2K2,false,true
00350053e63OZfRP60,true,true
00350086XAOlm5X11w,false,true
003500InKbEnCUG58r,true,true
003500S9LKFd3u5Mz4,false,false
00350086q3Y3ET68Yp,true,false
003500XE2ZuoB4LDVg,false,true
003500II4Rf3V6XMmL,false,true
003500JTc5050dCvcU,false,true
003500F082Z3r3MJ2S,true,false
00350031Kld8yClXC7,true,true
003500fgWvb2967PZ2,true,true
003500Oso0dLmOA649,true,true
003500N29qETM6vgCZ,true,false
003500LP1c4AB8FEke,false,false
003500Rqwk2MWbuy8t,false,false
00350069eVKyJMB91h,true,false
003500xde9K8qos2B0,true,true
003500hu7nSC08ap4A,true,false
003500W6n7zG9eOmxM,true,true
003500xjkifEGsc177,true,true
00350098bBJpI0tOEo,true,true
003500UaQAZbl2Td7d,false,true
00350096R1tGJKl884,false,true
0035009QYRaSHZxqQW,true,false
003500NwVjvLuK2mH3,true,false
003500395RWMk34B95,false,true
0035002vLukDdG6e9P,true,false
0035005U0LL59bs4pt,true,false
00350018qAt9pmP9ON,false,false
003500KW63uRwRLkv9,true,false
003500GWA45mF6GfWt,false,false
003500A1eIRd6B5s57,false,true
003500T4wyk7WU9j4p,false,false
003500J0L3E6j3CNfZ,false,false
003500TjX1Z09Sa135,false,true
00350039Bj8eVuc657,true,true
0035003c3jT2tlJtI5,false,true
003500mFZeu1edNk2l,true,true
003500OKDWwg91bEgW,false,true
003500nRdG2sp05ioj,true,false
003500hI7Cp4q74NmM,true,true
003500En0uYVN74XCE,false,true
003500se14JmU32YhW,false,false
0035001L6Rp0Pf25dG,false,false
0035000ytHv6vCrUoi,true,false
003500V4goNW9WdiL6,false,false
003500rJLf39z312O0,false,true
003500m3jjR3S8d408,true,false
003500F3HusU9PiDxb,true,true
0035001tu4eJNs2wwp,false,true
003500WNCFa8i9mLD8,true,true
003500j12IospCgI2a,false,true
003500hwIE9I5jWi7b,false,true
0035003ZVpsNlpn40V,false,false
003500vNk009Y7d355,true,true
003500pmFONlsf3bAe,false,false
0035009wUDRKg75Cfr,true,false
003500BvqRZqf3oA6a,false,true
0035004ik1s0svcOcT,true,true
003500igfHdh18x7dV,false,false
003500wL16l6fSv4Hd,false,false
003500zFesH2wD60xW,true,false
003500UapYfMDceIGr,false,true
0035006HKo3OTa0k7J,false,true
0035002s7Nq05EF8xD,false,false
003500NNi20dX5N48B,false,false
0035006W1b63W58xDD,true,false
003500dH1x9pVtV26u,false,false
003500ahT05CviC39Z,true,false
003500aum78SWcKyze,false,true
003500a5aJ1C4HX9WT,true,true
0035009a1f11C9aVaU,true,false
0035005Pz9N3OsIw9S,true,false
003500aI5YD5CG9V00,false,true
0035008TA9yOys0041,true,true
0035003Fl137Q3d3qv,true,true
003500gA6JnVljQ6C8,false,false
0035006J26t0jIB697,true,false
003500j8Zk5Ut311Yr,true,true
0035003QdbQV5ACTe8,true,false
003500Ao4iXrcpDurV,false,false
003500uC3ZpVOyL2tH,true,true
003500n0gb8ie40bb8,true,true
003500J68QFWrf7IWP,false,true
00350089PyAWZ0esRx,true,false
003500cShFUm3ac4gQ,false,true
00350001YmW09QK4zA,true,false
003500dJ715Xcp7LAk,false,true
003500N2zvLyaFQ82q,false,false
003500re29J3351kf9,false,false
003500o3sS96o99I43,false,false
0035007wc9l8dg3z6c,true,false
00350039yX48I6VkE6,true,true
0035007MEGFS38N55F,false,true
003500pMgt8vx52NOc,false,false
003500m8fqulK0dAm2,true,false
003500G74Gl81jIz88,false,true
003500AvnQ8h9sqtu2,true,false
003500173HM3eL5fTX,true,true
003500RUqMvos4Nfr1,true,true
003500Bd683eeSnZi9,false,false
003500LJ3eRQiwh8v0,false,true
003500T5fqoOt140A8,true,true
003500atxqDjOhTlG4,false,true
003500i2eMbdi03ylb,true,true
003500O695RaO6b8k0,true,false
003500viI6n6i7ow17,true,true
003500HvlMlTis3sMo,true,true
003500A8iV9tJQ68A5,false,false
003500HlE3SYSfR06T,false,true
0035009pspHe8rho3g,false,true
003500pvAqq5ZlWD18,false,false
003500tMWa6hLSZR7s,false,true
00350011T0WQN6L892,true,true
003500JZPp11t1JvtL,true,false
003500B3a6aixUq68F,false,false
003500xCzSIKo3g6Zp,false,false
003500MFEp0i330gOJ,false,false
003500aXNQm6foM9I3,true,false
003500Zyd0gg2ikv52,false,true
003500I5sFZp2866fG,false,false
003500ecp978m2TL64,false,true
003500b2dh3V1YOw6t,false,false
00350022Ue6a0fpQHC,false,false
003500WKc2KN176k85,false,false
003500QQM481GZ3NFj,true,true
003500zBujWw21I36n,false,false
003500K4u90zgQ7h9A,false,false
0035001zMjJu1E8KPd,false,true
003500M78lp53csb0X,true,true
0035001tt3BBU244ge,true,true
003500P5ys6aJwkuoN,true,false
0035000Lx0iLE6todJ,false,false
0035003rtMAN8hxEMr,true,true
003500kmv5rNGZ9rq1,true,true
003500uIYQTB26kwnB,false,false
00350058dSB2Z93Oyy,false,true
003500wiiA2ziXS033,false,false
003500g1I2j9g6nEVM,true,true
003500MauCd2t5Vt33,true,true
00350026J6V0AWLsd2,true,true
003500ZZbw99bMj0JS,true,true
003500tbLnm7H78RLQ,false,false
00350062Z0x939pqC8,false,false
0035002ly2fYan8V5J,false,false
003500Z5VY6kYsI5LJ,false,false
003500n77Oy1O8uXuO,false,true
00350084ZF3p08X4fS,true,false
0035003nK33vU0y5vS,false,false
003500i3DmdB6MVBr0,false,false
0035009XtDO64w1w2m,true,true
003500st68p4seDPXf,true,true
003500888a2jQtQBS6,true,true
0035006O8qH5W8AA3Z,true,true
0035008rYt02UMKZ8A,false,false
003500K4MLeS60SHJ6,true,true
003500v1G6SHz76Hy4,true,false
003500v7PpUn8jggx1,false,false
003500Z8iPgFVm3L5D,false,true
0035003ZSN3EjT1Dln,false,true
003500DbcXaJe64OE7,false,true
003500BPrAV0l3Os4g,false,true
003500LAoKnK9c4O2w,true,true
003500nriRxYFLNUNR,true,false
0035000AQ51SGIUaIJ,true,true
0035008h44XwbE21N8,false,false
003500IUQv80JmV4RS,true,true
0035008K7zi1d12Y4E,true,false
0035001rkz6EFX7eAg,true,true
0035009ebQVW06smS4,false,true
0035004CsBQ84jtADN,true,false
003500K9xL4gf1k8MV,false,true
00350098rfLkUlL4vM,true,false
00350015ExSP93wyqy,true,true
003500x1kOs78Z17Xe,true,true
003500xw1W1u0ZGqaL,false,true
0035001IvBl058a0uR,true,false
0035008tOwSsU7F6kx,false,true
0035004x8a8zs4EA1F,true,false
003500x4YZ2ccPNiF0,true,false
003500384Mno4Y0urE,false,false
0035002XykHpV9Iw1i,true,true
003500RmS3c5H433aB,false,false
003500oF1GvWfa2E2A,false,false
0035005WQA540B6q36,true,true
003500rN9g8Wa4yf6U,true,false
003500g2DxQOpBtXp7,false,false
003500B30gxJz6HLkg,false,true
003500Y3TSu0Us0pQX,true,true
003500332fMyiW4bSr,true,true
003500a1HStQ3n7Q1P,false,false
00350021Bf8xXV1399,true,true
00350072Fu4z80YkJb,false,false
0035009TKe2TX5O400,false,false
0035006g3DrEuX1irY,true,true
0035004Ocxfpy8d1PR,false,true
003500bcSG2KOnXTYZ,false,false
003500nk5Sw153L796,true,true
003500ou6m7nwoM97f,true,true
003500z3gvw5rI7575,false,false
0035009Hy8xWstsWZd,true,true
003500GrHQOL2gN4tk,true,true
003500s8xjcs5gSOp7,false,false
003500i0u6fS4TF5ob,true,false
0035006OEqU5BM8iIU,true,true
00350050FU62h93L2Y,true,true
003500RM8KG5TuAj18,true,true
003500UwMRXAT27ijt,true,true
003500dkfZapy8p1k6,false,false
0035000cR0E2vOfV9I,true,true
003500lR3NlUoOYb4T,true,true
003500l9pSvTJJtAJ1,true,true
003500tnz21UQ3nFgg,true,false
003500Z83a5bEctq30,false,true
003500gDN711iM7wUw,false,false
003500s56Sn5342hl2,true,true
003500J0I0Hp2ZIjXJ,false,false
003500dC1uSg7AVxO5,true,true
0035000cct2du76PK6,false,true
003500r92x0JB68FrW,false,false
003500il37mIF4FgH7,false,false
003500fH0wu7I96wPy,true,false
003500OxsizVzz30DU,false,true
0035004b80lnYawf8v,true,true
003500emxykY34PTXp,true,false
003500N2B93XlWF0jB,false,false
003500Ss682eYL8Jb8,false,true
0035005E90RTRaRZFi,true,true
003500mL8Wjgj0YOiT,false,true
003500CmJDUy2Z0y25,true,true
003500HqJvkA1hs98g,false,false
0035009po7cNb44080,true,true
00350098w3Oci5LXFK,false,false
003500T4nG07oeszvc,false,false
003500j1TnE9R6VFC2,true,false
003500tu83uv0QMijI,false,false
003500O4Vw8mX97YAT,true,true
003500eX85gHI1SFtP,false,false
003500KYwZ7bGySsY7,false,true
003500fx8rnDC6ws8x,false,false
003500VLReF3KzVS8l,false,true
0035001191jYWL583y,true,true
003500A24o2PH8GIw0,false,true
003500w6yaXe7E2P8f,true,false
003500iKoiifIO24fw,true,false
003500Lb6uVG7YKA0g,false,false
00350072m74A3t32p9,false,false
00350045A3bKaTMsTg,false,false
003500oVL7G00f8Z03,true,true
0035001gDF3Kx16TKI,false,true
00350005025X71HuU7,false,true
00350077276mVu8zlf,true,true
0035002f4phh10J135,true,false
003500jfvOM6nIc8aO,true,false
003500iz89fu9331OX,false,true
003500YG19aOSPOLB7,false,true
00350016n29oo4khP8,true,false
00350064p57IY8xO37,true,false
003500BX64bY9H09ay,false,false
0035009uSP25tlv1Kb,true,false
0035000WTotT1hZdzj,true,true
0035004ESVD6x3N2VZ,false,true
0035004CZ55874dM8f,false,false
0035004lWT0bi8Mb02,true,false
00350081HVSkl56w2f,false,false
0035004292uOsx1LUZ,false,true
003500e7SM5I5QFh54,false,true
00350057T1U2n8Zl6G,true,false
0035008Xw4lPx20b1P,true,true
00350021ei88r120kN,false,false
003500X5kSCHJ36jnH,false,true
0035008OPxC0Y4t2yT,true,false
003500QA4N9Q7mw8p9,true,false
003500NnIU0YurGi5R,true,false
003500FM733bKpykUb,true,true
00350025fH3m382U5i,false,true
003500q0w5kgaPd90p,true,true
003500rylCQjOkE03s,true,false
003500q9132n07K0BV,true,true
003500Zb16u5ZC2lXI,false,false
003500199Tm1DX32GC,false,false
003500VxAlzwUzKErs,false,false
003500k9zTpN29wGts,false,true
003500v405TS8Trvz2,false,false
003500S2H4s3T37yli,false,false
003500u08AyCR0d5T9,true,false
0035000kfOAP3f6q86,false,true
003500NJM3uu4GfR17,false,true
003500I3aho217qNoL,true,false
003500gt09EO29lWiF,true,false
0035005103UXST65YO,false,true
003500l7tvrc9G4AR2,false,true
0035001Jt1iGE89Gli,false,false
003500S0sw0KdVX0Pc,false,true
0035009PxIE8XUl8iF,true,true
003500VWPf5Et2364l,false,true
003500ZfFX1C6YsNML,false,true
0035006G04CHGVr2Vo,false,true
0035001PuG4n7yop3Z,true,true
0035007ck8vr313ojO,false,false
003500923Yd4sSY3V2,true,true
003500KIAOMVh037VR,false,true
003500Llpwq2ToWxx4,true,false
003500Ef5Gh03iE817,true,true
0035000h075s0PFhf1,false,true
003500FRgwQW3ZbxfQ,true,true
003500oOwL2rC19O8A,false,true
003500FVbw1142fbq6,true,true
003500Xh1xGI88tIby,false,false
0035006RWizoJy25w8,false,true
003500FJkUt0AYXQ50,true,false
0035004EUW2ZdF89I0,false,true
003500c2yn019wihgL,false,true
003500Ly5VNkbu83UL,true,false
003500ct501GE609TH,false,true
003500kbDJo0lijHnW,true,false
003500viWUPlNzMIxX,false,true
003500d3Ksk85lPF6U,false,true
0035007mxvk7w3sHym,false,true
00350043f8Q3Pf5rbA,false,true
00350083eid2k0G9eC,false,false
003500X7utuDkbM969,false,false
003500U4z30uZbB97W,true,false
003500uo4a57f5zCt2,true,false
0035008x0aemD0c17B,false,true
003500608Q65joyS1q,false,true
0035002YV3Rf7FolZ8,false,false
003500An3Wdvn9ittv,true,false
003500MAdCt2669Asd,false,true
003500bbxRG37v92nr,false,true
003500h2NF1MT9oLyo,false,false
003500l8KpawYdjIt8,false,false
003500eixePTfwZx6X,false,false
003500T0hv35NAbLp2,true,true
003500q8ah18C8MHk7,true,false
00350056LDM77ssts6,false,false
00350020b63yV5Sv13,true,true
003500Wvh5TBLB8hq1,true,true
003500NG12z9Nn3LU5,false,true
003500BOYb5OEUH455,false,true
003500sQ2ZIc647b3t,false,true
003500pp3HpfT34N12,false,true
003500X5UpnF320gMu,false,false
003500g5Jg43GFKsZ1,false,true
003500hqU1u5BZ4H0i,false,true
003500x97FXeko1Ta4,false,true
0035004CU6GdQdtwqG,true,false
003500Kjvx0rqu1832,true,true
003500bR47Xie0ghKx,false,false
003500nc2Xik69RO7g,true,true
003500G13TipebHTQu,true,true
0035005JDA8Jd38E42,true,false
003500C9NOfM403gH7,false,true
003500k37g84zehbdL,false,false
003500vPhe4u0a3788,false,true
003500iEDx2VU4soUv,false,true
003500CUxN9p85z3n4,true,true
003500n4rq9p7nlhcf,false,false
0035004eKQRAhpr070,true,false
003500QZuUuv21zf1J,true,true
003500r84T4zkK8xb2,false,true
0035005xklM0MO9Mgk,false,false
0035000Y783ZSAnYFG,true,true
0035004dNrG87mlX6e,true,false
003500dtbK9U27abPM,true,false
003500Mu9s1JN4Q6D1,true,false
003500C6tp95RK3M4D,true,false
003500Q2s1vEJ9Dw7K,true,false
003500Y1Bj7CroGM24,true,true
003500IX56rpt21Z4a,true,true
003500P351IXnjF8bQ,false,true
00350042w9X544DjKy,true,false
003500L5V7Z0w7NbmS,true,true
003500l5905y6nXfd1,false,false
003500sez63H7OJY1R,true,true
003500va1EOI0NWd02,false,false
003500jkqeMzsd50m5,false,true
003500Fs0pGtX87dJ9,true,false
0035007iB1md1qM90m,false,false
003500e8ACd53JHn8V,true,true
00350026tH54R2sRj7,true,false
003500LhRAcuwJxpBz,false,true
0035000s55b93o8m5y,false,false
003500qia36V43b243,false,true
003500eKt6R27r8l5x,true,true
003500VBW2FeR0K6uo,false,false
0035000Z9WKBUgbT5C,false,false
003500U3isxh8Q4CdS,false,true
0035002LO49KgJ6teM,false,true
003500udQ7PlQN09zb,true,true
003500VQUDKM9k30A5,true,true
003500I223Zq5EiY24,false,false
003500D9Sz0d5HOCWk,true,true
0035007UJju1264C80,true,true
0035005IELslBkD1VX,true,true
003500uXUb01Z9y6WC,false,true
003500WzAM7nZRf9k4,true,false
003500T3i6B71Xnzd2,true,true
0035004c4702Lyi9BA,false,true
003500827ij2R58zkh,false,true
00350043DT52gs2gR6,false,true
003500qLYLf2M9lEyh,true,false
00350018fm2S7HiP31,true,false
003500bZnpjVTw6QV5,false,true
003500rPjnGj552CWZ,true,false
00350072924f93r9V5,true,false
003500P7p7u6pA6og1,false,true
003500ufUoLLTA81dT,true,false
003500oLbu9h0adfsY,true,false
003500e3apjELX7021,true,true
003500BNWZ0iLhQwJ0,false,true
003500awEL91cIa0Lp,true,false
003500TGW6oRyDpl0e,false,true
0035002RrSg7SP3cAr,true,false
003500LgR4ZpcMC74R,true,false
00350075u1wq1qj6LT,true,true
003500CsitiV9Ng54R,true,true
0035008761x27b27KF,true,true
003500kQZ3n97UoR0b,true,false
003500aZoa231CI2RN,true,true
0035001v2AN8mAaBQz,true,true
003500t378q1pFgjh7,false,false
0035005cZP8a7zr8AT,false,false
00350007juH5Vm1Vyc,true,false
003500LC9BODEiuTzm,false,false
003500yBam6Qk2tb0j,false,true
003500Jq51E0M32ZYx,false,false
003500GFd2XfP8J8LB,true,true
003500iHQrqr7fjfzy,false,true
003500bz7XmcyvfIeA,false,true
003500P0s6k6UBz9e6,true,true
003500yYHEOOGs9ONJ,true,true
003500EaLU8y49c0dr,false,true
003500KAD1Rg52jlA4,false,true
003500rIzZWFcSYfZ4,false,false
003500WK7ukc8P5Zx6,true,true
003500LMBl7fiv20kH,false,true
003500GN58r0v4M4fW,false,true
003500V827eC3i0H6K,false,true
003500r3oyv6hD3LjX,true,false
003500P7FM1y5287iR,false,true
0035005pgMY4hK8mqp,true,true
00350016770n2gBxVV,false,false
003500ly0hIdyutxSG,true,false
00350003Llb0LG95Dr,false,false
003500Op9n07IAC4zh,true,true
003500Y36ow688p0Ww,true,false
003500KIh3532wjCb9,false,false
003500Kk5dPSwsY16R,false,true
003500guzYXbv26lDJ,false,false
0035003HiYoo1790Wu,false,false
0035003HDNx6k1t809,false,false
003500RCkyB1119SP8,true,false
003500I7W6UNK50r0L,false,false
003500Mgy862fHv4V9,false,false
0035006aEC57SS6538,true,true
003500M76Kvuu41N4w,true,true
003500u7PXn913FHom,true,false
003500NKCSs2L9PHtL,true,true
003500yWE2zQ0Q7y3Q,false,true
00350003rHTbZ7wrP7,false,false
0035007753zIHQ04yM,false,true
003500K2Jq90BA3nG8,false,false
003500DGNs8zl8mC8F,true,false
003500w0i76HMX4ce5,true,true
003500I40BOj6QDDE2,true,true
003500tkuecE22kmaO,false,true
003500wis1sp7RSNYB,false,true
003500z7HiN66M9tk4,true,false
003500Q5iNi8CLgvJ3,false,false
003500u1q0gBF00Co3,true,false
003500b7A24FJQp116,true,false
00350067Eyl9U0cl5F,false,false
0035000Fmo0AVjuOei,false,true
003500bc4ln30oVsmw,false,true
003500Z84V77TA6qR1,false,true
003500giiXfKQ6275u,false,true
003500lf0Fklu0aZ7k,true,false
00350078GPL10PwFZO,true,true
003500s0FzSieE3a8A,true,true
003500ZSnJBdE9wMnA,false,true
003500tgRXqGOhf3Xv,true,true
003500z3SG22VKkltB,true,true
0035000tNfQOU3289H,true,true
00350057ZuUy9x33ZX,true,true
003500n3Ds5FtcNDR6,false,false
003500M156J68NZa5f,true,true
003500cI396o5jAMGr,true,true
00350018wfzm6NTg48,false,true
003500hSRvM15mfUop,true,true
0035007qbF107MM1c2,false,false
00350007xCfpuFSo9s,true,true
0035002775B05Ix217,false,true
003500WI444kFdT9vl,true,false
003500Y95R8aHLye09,false,false
003500Dm4y3tywW57b,false,true
0035008IvQH4U13PBm,false,true
0035006Y9Y1ozON1c4,true,false
003500v6cf69C4l7k6,true,true
00350049a5cED8sZfw,false,true
0035008p2i9OPJ0v79,false,true
003500jl2Cu84MiDRG,false,true
003500Z0mrLA4fsJ6R,false,false
003500TC5IU5Oz8IJy,true,true
003500nHP4QFwNgMt7,true,true
003500e0vc1mo6uoyN,true,false
0035008902hLR78BBL,true,true
003500O7c8D93m16wE,false,false
0035005Wi8miH01aJL,false,true
003500r0G8XeL7dP63,true,false
0035007IT665nUf58t,false,false
00350037b9Q9IdE9vw,true,false
003500zaFsBws63pLj,true,false
003500UcKabu6ZxHg5,true,false
0035002AIUlEMa6itq,true,false
003500qsWZ4Zc9VU88,true,true
003500y1n0D6tNV5U1,false,false
003500Srgb6GY10LxE,false,true
0035003U9SMHPM1mAB,false,true
0035007RcAjs4sFGS6,false,false
003500iyWR4mPAzhXd,false,false
003500Jt863R5c8r94,false,false
003500RWA9m4183b7g,true,true
00350084k6bjl0KpGf,false,false
003500Ob7wKq6A84Z9,false,true
003500vE9RWsW2q4G9,true,true
0035007xZ71y1j70O9,true,false
0035003joVIu9vSQNw,false,true
003500x0jdTxPsQzuM,false,true
003500dr1Mbdv7iAXk,true,true
003500uhf01ik2iBi5,true,false
003500emX2KX1GGN82,false,false
003500I5Po30AJP6M2,false,true
003500dF4e4abH7jFN,true,false
003500yP0Y2YCob8kd,false,false
003500Micx917F1atg,false,true
0035002K3eHvjVGr95,false,true
003500H077tyZkVt27,false,false
003500UUU47zP74VWU,false,true
003500T3AFbMci9dfq,true,true
003500AXo41deY5q3x,true,false
003500BkaFX74w4gR5,true,true
003500h140Ec9b35UX,false,true
00350083mrX6H7uHo4,false,true
0035000o3nReb4v20Y,true,false
003500yYW4KZ3U2S0P,false,false
003500F2u5UHh4453y,true,true
003500aUy2aCM19l6G,false,true
003500C7nXk5l19h9k,true,false
003500g451zyA7TuD2,true,true
003500Vo93GM8nBq9z,true,true
003500D8dz9ZrJ5y7U,false,false
003500NDV6T08OQ85z,true,false
0035002G50oJ87FR79,false,true
003500J3Q96yz7IWr7,true,false
003500EjJY1b59MdZA,false,false
00350087k0l9ujM89u,true,true
003500MWIM7Btew4Cx,true,true
003500001RPc9EotPu,false,false
003500rVsN909Iq5g2,true,true
0035003Tb3yQV2MRtH,true,false
0035003wB1FHXcnNAB,false,false
003500orAYmoZ5d44o,true,false
003500ZxiH49v8wXWi,false,true
003500XO0B6f3gq38K,false,true
0035005Ku2l3T7V7N9,false,false
003500ebx220f79CQN,false,false
0035000MY0hwX7JN6v,true,false
0035002R1Kn8iE3Hzr,true,true
003500u0Y35y9ocba9,false,true
003500IbA8IW98703G,false,false
003500Yf8GLkATs7P6,true,false
003500aPB6ZnM7PbC1,true,true
003500NEaR241yPl4O,false,false
0035007PT8A05k6X6w,true,false
003500L54KQk4E7PEO,true,true
003500S5NvaKKZoOUD,true,false
003500wyGMNN9lsT85,true,true
0035008TN9Arlj9Rk6,true,true
003500q3VZq6EvX680,false,false
0035007J9MmtoyHN6O,false,true
0035007w13g0FOgjH0,true,true
003500783bQ2OUO8C1,false,true
00350055x0IuEeNwgb,true,true
003500EFjuKH1c2vj6,true,false
003500MuInHG2OMzGh,false,false
003500BfxrRo310q5C,true,true
003500bK8Sojk9v9TF,true,false
003500r1lfS5ciENWK,true,false
003500zw3jfmgkDaB7,true,false
003500v90QI0d4E2LE,false,true
003500Atgy21c3n3k3,false,false
003500z4S5V6DP3N05,false,false
003500FkPi61oLDN9m,false,true
003500I2WJ5yMIqBHG,true,false
0035000F8Q2hnR113p,true,false
003500bGxHmT3451M6,true,true
0035007Ok2x6C2xd11,false,false
003500l60OK0F5enO4,true,true
003500JOJ6efe43a5q,false,true
0035007LU9FUbkJrU3,false,true
003500E414783d6rmu,false,true
003500XAqDO7E7m3kT,false,true
003500cLL572j1t9Xy,true,true
00350081SpYV3Es9bK,false,true
0035007g72M83fh26n,true,true
003500nb6ag4jr8TV8,true,false
00350033Mh64S4W1p2,true,false
003500twhGWZ6dVjXk,true,false
0035004aZEsHF1gaU2,false,false
003500i1dWYb0xA46Z,false,true
003500Ki59eXfcF8wG,false,false
0035007DedCTkexc9E,false,true
0035005q8jpdplrDRs,false,true
0035005w4Iw9joW3zz,false,true
003500GfbIJ1J7IZxO,true,true
003500bRso0mELsXG8,false,false
0035009Qr39KpU3AXR,false,false
003500A1BBY19Eblv9,false,true
0035009UH42zTWv1J0,false,true
0035008RYDeWB9snPR,false,true
0035009z9ODOhwRb7w,false,true
0035009z0SHfSG9iy0,true,false
003500y5d5EVEk3Nk4,false,false
003500d0HARwL4BmU6,false,true
003500uVhAjX1qfw1V,false,true
0035009081Bt4PPePq,true,false
00350017m0323py3k4,true,true
0035002VzNcb9s1Kpq,true,false
0035005TOfR3cw3E6K,false,true
003500KH5585el7G5p,true,true
0035005o8yHNZqlb36,true,true
003500W88P8MbnLN2V,false,false
0035001qG8xHZy8vMH,false,true
0035004CVA3aRBa3fh,false,false
003500wTOyRaMGi59V,true,false
0035007T5S9oPr5231,true,false
003500f9tJst1ld92V,false,false
003500IVuYgZ4CDJiO,true,false
003500L3Ys7584c88i,false,false
0035007jl94si5Q3Cw,true,false
003500USTY85T3KQ4f,true,true
0035001zqf1WDL3l0N,false,false
0035007CjF4Mk7jMAA,true,false
003500JY74s3FgGrX7,true,true
003500FPEmv8l721l3,true,true
003500vs81e56rx7nq,false,false
003500Jzn6DmtoWH6n,true,true
00350040zizYj9A1ny,true,true
003500X96oSGvGeP80,false,true
003500RwA71J70tnZ7,true,true
003500K5MYD6hhTzX5,false,false
003500JII32LdyMkL6,false,true
0035007ONbzh75rA8i,true,true
00350022go27p6N1HQ,false,true
0035003pPieRg8DZJ7,true,true
003500338SElwLOJaH,true,false
00350042JJ7qK7l503,false,false
0035007Bt0rZRsT4J7,true,false
003500I7o2jY58yJT9,false,false
00350021MGdZJNx5SL,false,false
0035004k9Wmlzw2405,false,true
0035003F1LuB38Vx1H,false,false
0035000hm9yb1yR8cl,true,false
00350016R0V283n86c,true,false
003500x3p8T3USpEdC,true,false
003500u05LJr8f2u9n,false,false
0035000M2i4Ooe574h,false,false
0035003X6n7SOd4S3Y,false,true
003500U105pxCuzC48,false,false
003500seF83nQRI38z,true,false
003500S2ZJz8u3LvE9,true,false
003500crke5TM8XGQ7,false,true
0035007l5rZD8EZUew,false,false
003500t674tePj96t8,false,false
003500K8O6gYpSS06f,true,true
003500ahOjM66J9e53,true,false
0035006nBXuy70qjTo,true,true
003500Mw7nvIB971Ez,false,false
003500z8Ei4f51iI1M,true,true
0035006Dxyk6EbEm4e,false,true
00350097RmSv7cXi57,true,false
003500xKuE372Did9I,false,true
00350057eN0h29eaj8,false,false
003500KL9YE64cU4x4,true,false
00350013ToOKS8HZw3,false,true
003500h4SyV5eG4B8K,true,true
003500zoMfRzN9s33s,true,false
003500cXOGkuz4DW6T,true,true
00350042S87Kf9s59E,false,true
003500xpR18nkJByGY,true,true
003500bFpg9f6yE5b7,false,false
003500l4W4zZieJ0KZ,false,true
003500Tw1kUNp2YS1f,true,true
003500gAUNSBbr0za1,false,false
0035000DEyFL7M8mr1,true,false
003500mCz0aG2bheoF,false,false
003500Nrb7Zl1H6F59,false,true
003500LqYno87dkzD4,false,false
003500X3S8Wj8U1T4Y,true,false
003500U6GLH22I51H4,true,false
003500AQEu1V6v23VW,true,false
003500qGI633o359Hz,true,false
003500RPks45CxAOsV,true,true
003500XI2tS0f3pqUR,false,true
0035006jJE3pB99FV2,true,false
003500OF9IAKWbntuT,false,true
003500w2yUNtW9p342,true,true
003500oG080ZQ62fdG,false,false
003500wDzkcOIx3ej0,false,true
0035008SbDh5i6TWZE,false,false
003500DIUsnjavYm8V,true,true
003500Uyc268JtA49V,false,true
003500Qh6YudW7wwfZ,false,true
003500FiH82C9C86Ir,false,true
003500pEz07K05Omk5,true,true
003500H8Mq06w1Z6L1,true,true
003500M3b2zNnCiTAb,true,true
003500ddkUui7T002r,true,true
00350001a74B7uU6yZ,true,true
003500i7R8BkJ6xvpI,false,false
003500SNzg10eV2IKL,true,true
003500URn76xrU47fh,true,true
003500Fm25A1jaJ7Bp,true,false
003500R3g40XOKy1jV,false,false
003500A13Bd82h4CzK,true,true
